"pipe","fitting","coupling","adapter","elbow","tee","union","nipple","bushing","flange","valve","ball_valve","gate_valve","check_valve","globe_valve","stop_valve","angle_valve","trap","p_trap","s_trap","wye","cleanout","riser","stub_out","cap","plug","clamp","hanger","bracket","sleeve","gasket","washer","strainer","faucet","spigot","hose_bib","bibb","aerator","cartridge","stem","escutcheon","supply_line","flex_hose","compression_ring","ferrule","angle_stop","shutoff","drain","pop_up","basket_strainer","tailpiece","waste_arm","vent_pipe","vent_stack","soil_stack","stack","standpipe","sump_pump","backflow_preventer","check_device","air_gap","vacuum_breaker","expansion_tank","pressure_regulator","mixing_valve","temperature_valve","relief_valve","water_heater","tankless_heater","pressure_tank","pump","booster_pump","circulating_pump","ejector_pump","float_switch","drain_pan","condensate_line","condensate_pump","sediment_trap","anode_rod","dip_tube","burner","igniter","flame_sensor","thermocouple","pilot_light","drain_line","sewer_line","lateral","cleanout_cap","toilet","toilet_tank","fill_valve","flush_valve","flapper","wax_ring","closet_flange","closet_bolt","urinal","bidet","sink","basin","lavatory","pedestal","vanity","tub","bathtub","shower","showerhead","shower_arm","mixing_chamber","body_spray","diverter","handheld","escutcheon_plate","wall_niche","tub_spout","overflow_plate","drain_stop","laundry_tray","mop_sink","floor_drain","trench_drain","roof_drain","channel_drain","grease_trap","interceptors","sediment_bucket","catch_basin","water_meter","flow_sensor","smart_valve","shutoff_sensor","leak_detector",
"hammer","drill","impact_driver","saw","circular_saw","table_saw","reciprocating_saw","miter_saw","level","square","tape_measure","chalk_line","utility_knife","pry_bar","nail_gun","staple_gun","compressor","air_hose","extension_cord","generator","light_tower","ladder","scaffold","lift","harness","hard_hat","safety_glasses","gloves","ear_protection","respirator","vest","boots","wheelbarrow","dolly","pallet_jack","hand_truck","cart","shovel","pick","rake","broom","bucket","trash_bin","debris_chute","chute","barrier","cone","caution_tape","tarp","drop_cloth","vapor_barrier","backer_rod","foam_board","rigid_insulation","batt_insulation","spray_foam","sheathing","drywall","sheetrock","joint_tape","joint_compound","corner_bead","mud_pan","trowel","hawk","float","putty_knife","sanding_block","sander","texture_gun","paint_brush","roller","tray","extension_pole","masking_tape","painter_plastic","primer","finish_paint","stain","caulk","caulk_gun","sealant","adhesive","grout","grout_float","sponge","tile","tile_spacer","tile_saw","tile_cutter","trim_piece","bullnose","threshold","baseboard","crown_molding","casing","shims","nails","screws","anchors","bolts","washers","rebar","mesh","wire","conduit","junction_box","breaker_box","outlet_box","receptacle","switch","dimmer","cover_plate","thermostat","duct","register","vent_cover","damper","flex_duct","rigid_duct","insulation_wrap","air_handler","furnace","condenser","compressor_unit","fan_blade","coil","filter","flashing","roof_shingle","roof_tile","underlayment","ridge_cap","drip_edge","soffit","fascia","gutter","downspout","splash_block","siding","shears","fastener","bracket","strap","hanger","clip","clamp","nailer","power_actuated_tool",
"box","bag","bin","basket","tray","case","container","lid","handle","cover","screen","frame","panel","board","sheet","rod","tube","bar","strap","clip","pin","ring","hook","knob","lever","dial","button","switch","cable","wire","cord","plug","socket","adapter","mount","stand","base","wheel","axle","gear","chain","belt","spring","latch","lock","key","hinge","joint","bracket","support","fastener","wedge","pad","mat","cushion","block","tile","fabric","mesh","net","foam","sponge","tape","label","tag","sticker","magnet","battery","bulb","lamp","light","shade","mirror","glass","screen_guard","filter","cover_plate","enclosure","guard","cage","shell","fixture","unit","element","module","cartridge","insert","part","tool","kit","set","supply","device","machine","appliance","console","terminal","interface","sensor","probe","reader","scanner","display","monitor","camera","speaker","microphone","alarm","buzzer","timer","remote","controller","knob","joystick","pedal","tray_table","mount_plate","bracket_arm","riser_plate","leveling_pad","rubber_stop","spacer","standoff","dowel","gasket_ring","bushing_insert",
"envelope","folder","file","binder","clipboard","notebook","notepad","journal","planner","calendar","page","sheet","tab","divider","bookmark","label_maker","pen","pencil","marker","highlighter","eraser","sharpener","stapler","staple","hole_punch","clip","clamp","tack","thumbtack","pushpin","magnet_clip","binder_ring","paperweight","paperclip","ruler","protractor","compass","calculator","keyboard","mouse","trackpad","monitor_stand","desk","chair","stool","bench","drawer","cabinet","shelf","rack","bin_label","hook_strip","pegboard","bin_slot","basket_drawer","storage_box","cubby","locker","cart_drawer","rolling_bin","tray_rack","hanger_hook","peg","slot","organizer","divider_box","pouch","satchel","backpack","suitcase","luggage","briefcase","wallet","purse","belt","strap_clip","buckle","keyring","fob","lanyard","ID_badge","tag_holder","cover_sheet","slipcase","sleeve","case_shell","phone_case","tablet_case","stand_mount","tripod","clamp_mount","wrist_strap","armband","clip_on","holster","pouch_bag","gear_bag","tool_roll","carry_case","container_lid","resealable_bag","zip_tie","twist_tie","binding_strip","heat_shrink","shrink_wrap","bubble_wrap","foam_insert","corner_guard","edge_protector","tape_roll","roll_core","dispenser","label_roll","spool","reel","drum","crate","pallet","box_liner","divider_insert","tray_insert","organizer_grid","cushion_pad","envelope_liner","parcel_tag","shipping_label","barcode_tag","qr_code","scanner_gun","scan_pad","cash_box","register_drawer","receipt_printer","card_reader","stylus","touchscreen","keypad","display_screen","terminal_mount","dongle","drive","usb_stick","sd_card","cable_wrap","port_cover","dust_cap","charging_pad","charging_cable","dock","port_hub","input_pad","mic_cover","headphone_jack","speaker_grill","volume_knob","tone_control","fader","mixer","boom_arm","pop_filter","lighting_panel","lens_cap","focus_ring","tripod_mount","cold_shoe","gimbal","stabilizer","slider","light_stand","reflector","gel_frame",
"beaker","flask","test_tube","vial","pipette","dropper","funnel","stir_bar","mortar","pestle","scale","balance","centrifuge","thermometer","hygrometer","timer","stopwatch","incubator","hood","hot_plate","burner","distiller","condenser","rack","holder","clamp_ring","tongs","spatula","scraper","wash_bottle","container_cap","sample_tray","specimen_jar","slide","coverslip","microscope","magnifier","petri_dish","lab_coat","goggles","glove_box","disposal_bin","sharps_container","hazard_label","reagent_bottle","chemical_bin","scoopula",
"cutting_board","knife","cleaver","grater","peeler","whisk","ladle","spatula_kitchen","tongs_kitchen","measuring_cup","measuring_spoon","mixing_bowl","colander","sieve","strainer_basket","pan","pot","skillet","lid_kitchen","baking_sheet","casserole_dish","dutch_oven","blender","mixer","food_processor","slow_cooker","toaster","microwave","stove","oven","burner_grate","range_hood","exhaust_fan","fridge","freezer","drawer_insert","spice_rack","utensil_tray","dish_rack","drying_mat","garbage_bin","compost_bin","food_wrap","foil","plastic_bag","sandwich_bag","oven_mitt","potholder","apron",
"bed","pillow","blanket","sheet","mattress","mattress_cover","bed_frame","headboard","footboard","dresser","nightstand","lamp_base","bulb_socket","light_switch","ceiling_fan","fan_blade_cover","curtain","curtain_rod","blind","window_latch","window_screen","screen_clip","doorknob","door_handle","latch_plate","door_stop","door_sweep","deadbolt","lockset","strike_plate","hinge_pin","cabinet_knob","drawer_pull","wall_anchor","wall_plate",
"mop","broom_head","mop_bucket","mop_wringer","squeegee","scrub_brush","dust_pan","dust_mop","duster","spray_bottle","cleaner_bottle","bucket_lid","sponge_pad","floor_pad","vacuum_hose","vacuum_head","filter_bag","cleaning_cloth","rag","glove_pair","apron_cleaning","face_shield","coverall","boot_cover",
"chassis","frame_rail","axle","hub","wheel","rim","tire","lug_nut","brake_pad","brake_disc","rotor","caliper","brake_line","master_cylinder","drum_brake","parking_brake","steering_wheel","steering_column","steering_rack","tie_rod","control_arm","ball_joint","shock_absorber","strut","coil_spring","leaf_spring","sway_bar","drive_shaft","u_joint","differential","gearbox","transmission","clutch","pedal","throttle_body","accelerator_pedal","brake_pedal","gear_shifter","dashboard","instrument_panel","gauge_cluster","speedometer","odometer","tachometer","fuel_gauge","ignition_switch","starter_motor","battery","battery_cable","alternator","fuse_box","relay","headlight","taillight","blinker","side_mirror","rearview_mirror","windshield","wiper_blade","washer_reservoir","hood","trunk_lid","door_panel","window_switch","seat_belt","airbag","radiator","coolant_hose","fan_shroud","fuel_pump","fuel_tank","gas_cap","exhaust_pipe","muffler","catalytic_converter","oxygen_sensor","heat_shield",
"shovel","spade","trowel","hoe","rake","pitchfork","post_hole_digger","pickaxe","mattock","pruning_shears","lopper","hedge_trimmer","chainsaw","weed_whacker","lawn_mower","edger","garden_hose","spray_nozzle","watering_can","wheelbarrow","seed_spreader","fertilizer_spreader","leaf_blower","garden_fork","compost_bin","mulch_bag","soil_bag","planter_box","flower_pot","raised_bed","trellis","stake","twine","garden_net","shade_cloth","weed_barrier","landscape_fabric","retaining_wall_block","edging_strip","paver","stepping_stone","gravel_bag","rock_border","sod_roll","sprinkler","drip_line","irrigation_tube","timer_controller","hose_bibb","rain_barrel","gutter_guard","downspout_extender","outdoor_faucet","fire_pit","patio_brick","patio_stone","deck_board","deck_post","deck_railing","gazebo_frame","canopy_top","tarp_clip","rope","carabiner","tent_stake","bungee_cord",
"screw","nail","bolt","nut","washer","rivet","pin","cotter_pin","clevis","dowel","anchor","insert","grommet","ferrule","collar","clamp_ring","hose_clamp","snap_ring","retaining_ring","o_ring","gasket","seal","adhesive_pad","glue_dot","zip_tie","twist_tie","velcro_strip","toggle_bolt","expansion_anchor","sleeve_anchor","wedge_anchor","molly_bolt","lag_screw","carriage_bolt","shoulder_bolt","set_screw","wood_screw","sheet_metal_screw","drywall_anchor","bracket_joint","hinge_joint","ball_joint","swivel_joint","tee_joint","elbow_joint","cross_joint","union_joint","flange_joint","compression_fitting","push_fit","slip_joint","solder_joint","weld_bead","brazing_pad","crimp_connector","spade_terminal","ring_terminal","butt_splice","wire_nut","wire_clip","terminal_block",
"file","folder","record","form","document","page","spreadsheet","cell","row","column","table","tab","slide","deck","report","entry","log","message","note","comment","reply","post","thread","ticket","case","incident","alert","notification","task","checklist","step","status","draft","version","copy","backup","archive","snapshot","template","preset","configuration","preference","setting","policy","rule","role","permission","credential","password","token","session","cookie","cache","sync_key","reference","link","embed","attachment","tag","label","filter","query","script","macro","snippet","export","import","upload","download","share_link",
"sofa","loveseat","recliner","armchair","chaise","ottoman","futon","daybed","bench_seat","coffee_table","end_table","console_table","side_table","bar_stool","counter_stool","vanity_table","makeup_mirror","wall_mirror","area_rug","floor_rug","rug_pad","throw_pillow","pillow_cover","cushion_cover","curtain_panel","sheer_panel","curtain_rod","curtain_ring","finial","tie_back","window_blind","roller_shade","roman_shade","valance","wall_sconce","floor_lamp","table_lamp","lamp_shade","pendant_light","ceiling_fixture","chandelier_frame","bulb_adapter","plug_in_light","dimmer_switch","wall_hook","coat_rack","hat_stand","wall_clock","picture_frame","photo_album","wall_art","canvas_wrap","print_mount","bookshelf","wall_shelf","floating_shelf","plant_pot","plant_stand","vase","decorative_bowl","candle_holder","taper_candle","tealight_holder","incense_holder","scent_diffuser","wall_decal","mirror_tile","panel_mirror","folding_screen",
"board_game","card_deck","puzzle_piece","puzzle_board","game_token","dice_set","spinner","timer_token","play_mat","game_board","controller","joystick","gamepad","console_unit","vr_headset","headset_strap","stylus_pen","drawing_tablet","sketch_pad","coloring_book","crayon","marker_pen","paint_brush","watercolor_set","acrylic_tube","paint_tray","mixing_palette","easel_frame","modeling_clay","sculpting_tool","origami_sheet","craft_glue","glitter_tube","bead_box","thread_spool","yarn_ball","knitting_needle","crochet_hook","embroidery_hoop","sewing_kit","fabric_square","patch_piece","button_set","zipper_strip","pattern_sheet","tracing_paper","stencil_sheet","ruler_set","compass_arm","pen_holder","stamp_pad","ink_roller",
"slide_holder","sample_plate","microtube","centrifuge_tube","spectrometer","calorimeter","ph_meter","conductivity_probe","probe_tip","sensor_cable","data_logger","oscilloscope","voltmeter","multimeter","function_generator","signal_amplifier","circuit_board","breadboard","microcontroller","dev_board","connector_strip","pin_header","breakout_board","soldering_iron","solder_wire","flux_pen","tip_cleaner","heat_gun","wire_stripper","crimp_tool","calibration_block","measuring_probe","lead_clamp","test_clip","oscilloscope_probe","thermistor","strain_gauge","actuator_arm","load_cell","vacuum_pump","vacuum_chamber","flow_meter","burette","pipette_tip","micro_well_plate","test_strip","reagent_cartridge","desiccant_pack","sample_container",
"lathe_chuck","collet","jaw_insert","tool_post","cutting_bit","drill_bit","end_mill","reamer","boring_bar","insert_tip","tap_handle","die_set","punch_tool","press_die","gauge_block","feeler_gauge","angle_plate","v_block","machine_vice","fixture_plate","clamping_kit","step_block","t_slot_nut","alignment_pin","dowel_pin","locating_pin","threaded_rod","coupling_nut","lock_nut","set_screw","machine_bolt","washer_stack","spindle_lock","belt_guard","pulley_wheel","chain_sprocket","gear_rack","bearing_block","linear_rail","ball_screw","lead_screw","shaft_collar","servo_motor","stepper_motor","control_panel","e_stop_button","limit_switch","encoder_wheel","drive_module","relay_module","fuse_holder","circuit_breaker","junction_box","conduit_fitting","terminal_strip",
"duffel_bag","rolling_case","luggage_tag","packing_cube","toiletry_bag","travel_bottle","compression_sack","garment_bag","shoe_bag","laundry_bag","travel_pillow","sleep_mask","ear_plug_set","passport_holder","card_wallet","luggage_lock","strap_locker","zipper_pull","baggage_clip","carabiner_clip","utility_hook","hanging_pouch","mesh_compartment","divider_panel","strap_loop","lid_compartment","organizer_panel","pen_loop","notebook_slot","power_bank","usb_hub","travel_adapter","charger_cable","outlet_converter","plug_adapter","label_holder","mailer_box","shipping_tube","packing_peanut","bubble_pouch","kraft_paper","corrugated_box","corrugated_sheet","foam_corner","stretch_wrap","strapping_tape","tension_band","box_sealer","pallet_wrap","banding_kit","ratchet_strap","cargo_net","container_tag","shipping_label","asset_tag",
"toolbox","tool_tray","parts_bin","insert_divider","grid_tray","drawer_stack","kit_bag","pouch_set","label_strip","tray_slot","lid_clasp","hinge_pin","snap_latch","compartment_box","kit_case","foam_cutout","molded_insert","peg_slot","rack_mount","mounting_plate","socket_holder","wrench_rack","drill_index","bit_holder","fastener_box","wire_organizer","cable_tie_down","hook_loop_strip","reusable_tie","adhesive_hook","screw_box","clip_rack","spanner_slot","head_slot","nut_driver","file_holder","brush_holder","wrench_slot","bit_slot","tip_holder",
"sledgehammer","ball_peen_hammer","framing_hammer","mallet","chisel","cold_chisel","punch_pin","awl","scraper_tool","deburring_tool","pry_bar","crowbar","wrecking_bar","hex_key","allen_wrench","torque_wrench","pipe_wrench","strap_wrench","socket_wrench","ratchet_handle","socket_extension","breaker_bar","tap_wrench","die_stock","nut_driver","screw_extractor","drill_driver","hand_drill","brace_bit","auger_bit","step_bit","countersink_bit","spade_bit","hole_saw","tile_nipper","glass_cutter","tubing_cutter","pvc_cutter","pipe_reamer","pipe_threader","hacksaw","jab_saw","coping_saw","back_saw","miter_box","utility_knife","blade_cartridge","putty_knife","trowel_notch","pointing_trowel","float_pad","mixing_paddle","grout_spreader","caulk_tool","rivet_gun","staple_gun","crimper_tool","heat_gun","soldering_gun","wire_brush","punch_set","transfer_punch","hand_file","rasp","deburring_block",
"pen_holder","document_tray","inbox_bin","outbox_bin","paper_sorter","hanging_file","accordion_folder","index_tab","post_it_pad","sticky_note","correction_tape","correction_fluid","page_flag","binder_clip","bulldog_clip","paper_fastener","hole_reinforcer","rubber_band","push_pin","desk_pad","blotter_sheet","desk_organizer","filing_cabinet","file_drawer","label_printer","laminator_machine","laminating_pouch","badge_clip","visitor_pass","name_plate","sign_holder","clip_board","chart_holder","schedule_board","cork_board","white_board","dry_erase_marker","chalk_stick","chalkboard_eraser","flip_chart","easel_stand","presentation_remote","laser_pointer","cable_organizer","power_strip","desk_lamp","office_chair","task_chair","foot_rest","monitor_riser",
"speaker_cabinet","speaker_stand","subwoofer_unit","mixer_console","mic_stand","mic_clip","pop_filter","audio_interface","usb_microphone","lavalier_mic","boom_mic","recording_interface","headphone_amp","cable_splitter","audio_adapter","patch_panel","video_switcher","hdmi_splitter","display_adapter","capture_card","gamepad_stick","console_dock","joystick_mount","tripod_head","tripod_plate","fluid_head","light_ring","softbox_frame","reflector_panel","camera_slide","dolly_wheel","matte_box","camera_cage","rig_handle","gimbal_arm","battery_grip","follow_focus","lens_filter","memory_card","media_reader","usb_drive","hard_drive","ssd_drive","network_switch","modem_router","ethernet_cable","fiber_cable","wall_jack","rack_shelf","patch_cord","cable_hook","cable_track",
"helmet_shell","chin_strap","safety_goggles","face_mask","air_filter","respirator_cartridge","ear_muff","ear_plug","safety_vest","reflective_strip","high_vis_jacket","traffic_cone","barricade_tape","warning_sign","safety_label","fire_extinguisher","extinguisher_bracket","fire_blanket","first_aid_kit","trauma_kit","tourniquet_band","compression_bandage","gauze_roll","splint_board","burn_gel","antiseptic_wipe","chemical_glove","hazmat_suit","utility_belt","chest_rig","magazine_pouch","ammo_box","drop_leg_pouch","tactical_glove","kevlar_insert","body_armor_plate","riot_shield","handcuff_case","baton_holder","flashlight_clip","helmet_mount","radio_clip","whistle_chain",
"hydration_pack","water_bladder","filter_straw","field_shovel","camp_stove","fuel_canister","mess_kit","nesting_bowl","spork_tool","fire_steel","tinder_pouch","survival_blanket","bivy_sack","compression_bag","paracord_bundle","survival_whistle","signal_mirror","flare_canister","emergency_radio","headlamp_strap","hiking_pole","gaiter_strap","crampon_pair","ice_axe","snow_shovel","avalanche_probe","trekking_bag","map_case","compass_pouch","altimeter_watch","gps_unit","bug_net","mosquito_coil","insect_spray","bear_bag","food_hang_kit","tent_pole","guy_line","stake_loop","tarp_corner","shelter_clamp","rain_fly","ground_cloth","camp_pad","folding_chair","fire_ring","grate_grill","cooler_box",
"dish_plate","salad_plate","soup_bowl","cereal_bowl","dessert_bowl","mug_cup","coffee_cup","wine_glass","water_glass","tumbler_glass","champagne_flute","shot_glass","carafe_bottle","pitcher_jug","creamer_pot","sugar_bowl","butter_dish","salt_shaker","pepper_grinder","napkin_ring","napkin_holder","placemat_pad","coaster_set","trivet_stand","tray_plate","serving_dish","serving_spoon","ladle_spoon","slotted_spoon","carving_fork","steak_knife","butter_knife","soup_spoon","dessert_fork","salad_fork","chopsticks_pair","cheese_grater","lemon_zester","peeler_tool","mandoline_slicer","can_opener","bottle_opener","corkscrew_tool","pot_holder","lid_knob","trivet_pad","spoon_rest","sink_strainer","dish_brush","scrub_pad",
"toothbrush_head","toothbrush_holder","toothpaste_tube","floss_spool","mouthwash_bottle","razor_handle","razor_blade","shaving_brush","lather_bowl","shower_cap","loofah_sponge","bath_brush","body_wash_bottle","shampoo_bottle","conditioner_bottle","soap_bar","soap_dish","hand_towel","washcloth_towel","bath_towel","towel_hook","hair_dryer","curling_iron","straightener_plate","nail_clipper","nail_file","cuticle_pusher","tweezers_pair","comb_tooth","hairbrush_handle","makeup_brush","mascara_wand","compact_mirror","powder_puff","cotton_ball","cotton_swab","facial_tissue","tissue_box","deodorant_stick","lotion_bottle","sunscreen_tube","ointment_tube","antiseptic_bottle","thermometer_strip","med_pillbox","syringe_cap","alcohol_pad",
"shower_head","shower_valve","tub_spout","diverter_valve","shower_arm","escutcheon_plate","grab_bar","towel_bar","toilet_paper_holder","toilet_seat","toilet_tank_cover","flush_handle","bidet_attachment","toilet_brush_holder","plunger_handle","bathroom_cabinet","medicine_cabinet","vanity_sink","faucet_handle","sink_basin","pop_up_drain","overflow_plate","soap_dispenser","toothbrush_holder_bathroom","tissue_holder_bathroom",
"shower_curtain","shower_rod","bath_mat","bath_rug","toilet_lid_cover","toilet_rug","bathroom_scale","bathroom_organizer","shower_caddy","bathrobe_hook","bathrobe_tie","loofah_holder","soap_dish_wall","shampoo_rack","conditioner_rack","body_wash_dispenser","razor_holder_bathroom","toothbrush_stand_bathroom","floss_container_bathroom",
"shower_squeegee","bath_spout","tub_diverter","shower_door_handle","shower_door_roller","tub_wall_tile","shower_wall_tile","bathroom_wall_tile","bathroom_floor_tile","grout_line","caulk_bead","bathroom_faucet","sink_faucet","sink_strainer_basket","sink_waste_arm","sink_trap","sink_supply_line","toilet_supply_line","toilet_fill_valve","toilet_flush_valve",
"shower_head_filter","water_softener","shower_filter","faucet_filter","sink_filter","toilet tank fill valve","toilet tank flush valve","toilet tank flapper","toilet tank float","toilet tank lever","toilet tank gasket","toilet tank bolt","toilet tank nut","toilet tank washer","toilet tank supply line","shower valve cartridge","faucet cartridge","sink aerator","shower head aerator",
"shower valve handle","faucet handle","sink handle","toilet handle","shower diverter handle","tub spout diverter","shower arm flange","faucet escutcheon","sink escutcheon","toilet tank lid","toilet tank base","toilet tank bolts","toilet tank nuts","toilet tank washers","shower head mount","faucet mount","sink mount","toilet mount",
"shower door track","shower door guide","shower door roller","shower door handle","shower door latch","shower door seal","shower door sweep","shower door hinge","shower door bracket","shower door stopper","shower door catch","shower door magnet","shower door clip","shower door hook","shower door",
"screw","shower door bolt","shower door nut","shower door washer","shower door spacer","shower door shim","shower door plate","shower door frame","shower door panel","shower door glass","shower door acrylic","shower door vinyl","shower door plastic","shower door metal","shower door wood","shower door composite","shower door laminate",
"shower door fiberglass","shower door aluminum","shower door stainless steel","shower door brass","shower door copper","shower door zinc","shower door plasticizer","shower door sealant","shower door adhesive","shower door caulk","shower door grout","shower door silicone","shower door epoxy","shower door resin","shower door paint","shower door finish",
"shower door varnish","shower door lacquer","shower door stain","shower door polish","shower",
"door wax","shower door oil","shower door grease","shower door lubricant","shower door cleaner","shower door disinfectant","shower door sanitizer","shower door deodorizer","shower door air freshener","shower door fragrance","shower door scent","shower door aroma",
"shower door essential oil","shower door diffuser","shower door humidifier","shower door dehumid",
"shower door essential oil","shower door diffuser","shower door humidifier","shower door dehumidifier","shower door purifier","shower door ionizer","shower door ozone generator","shower door air filter","shower door water filter","shower door sediment filter","shower door carbon filter","shower door reverse osmosis filter","shower door UV filter","shower door alkaline filter","shower door mineral filter",
"shower door water softener","shower door water conditioner","shower door water heater","shower door",
"water cooler","shower door water dispenser","shower door water fountain","shower door water bottle","shower door water jug","shower door water pitcher","shower door water carafe","shower door water thermos","shower door water flask","shower door water canteen","shower door water pouch","shower door water bladder",
"shower door water bag","shower door water tank","shower door water reservoir","shower door water",
"cistern","shower door water barrel","shower door water drum","shower door water bucket","shower door water trough","shower door water basin","shower door water well","shower door water source","shower door water supply","shower door water line","shower door water main","shower door water meter","shower",
"door water valve","shower door water shutoff",
"shower door water pressure regulator","shower door water flow restrictor","shower door water",
"pressure gauge","shower door water pressure relief valve","shower door water pressure regulator valve","shower door",
"water pressure switch","shower door water pressure sensor","shower door water pressure transmitter","shower door water ",
"cinder_block","concrete_bag","rebar_cage","angle_iron","i_beam","steel_plate","plywood_sheet","osb_panel","drywall_panel","cement_board","backer_board","fiberboard_sheet","vapor_barrier_roll","house_wrap","insulation_batt","spray_foam_can","adhesive_tube","epoxy_kit","joint_compound_bucket","tile_thinset","grout_bag","sand_bag","gravel_sack","crushed_rock","topsoil_bag","mulch_bale","sod_roll","roofing_shingle","roofing_felt","roof_tile","ridge_vent","flashing_roll","metal_coil","wire_mesh","stucco_bucket","paint_can","stain_can","sealer_bottle","primer_gallon","caulk_tube","painter_tape_roll","brush_pack","roller_cover","roller_frame","paint_tray_liner","drop_cloth_roll",
"zipper_bag","poly_bag","mailer_bag","kraft_box","rigid_box","folding_carton","sleeve_box","clamshell_pack","blister_pack","shrink_wrap","hang_tag","price_tag","barcode_sticker","sku_label","tamper_seal","foil_pouch","desiccant_pouch","twist_tie","cable_tie","zip_seal","pull_tab","tear_strip","window_film","header_card","insert_card","backing_board","foam_inlay","cardboard_spacer","paper_wrap","padding_sheet","bubble_bag","stretch_film","banding_strap","corner_guard","pallet_strap","pallet_banding","label_sheet","label_roll","thermal_label","shipping_sticker","qr_label","barcode_tape","void_seal",
"pipette_tip","microtube_cap","centrifuge_strip","gel_combed","microarray_slide","blotting_sheet","reagent_strip","dilution_tube","sample_vial","reagent_reservoir","well_plate","plate_seal","slide_cover","immersion_oil","lab_wipe","test_strip","ph_strip","autoclave_bag","glove_pair","sharps_bag","spill_kit","bench_pad","foil_wrap","parafilm_roll","specimen_label","reaction_tube","enzyme_tube","buffer_bottle","tube_rack","absorbent_pad",
"button_widget","slider_bar","toggle_switch","radio_button","checkbox_field","text_input","password_input","date_picker","time_picker","drop_down","combo_box","modal_window","popup_panel","side_drawer","tab_bar","accordion_panel","stepper_control","nav_link","anchor_tag","progress_bar","loading_spinner","alert_box","toast_message","tooltip_bubble","icon_button","image_carousel","video_player","audio_player","seek_bar","scroll_track","pagination_dot","menu_item","context_menu","overlay_layer","focus_ring","cursor_icon","drag_handle","resizer_box","panel_frame",
"emergency_whistle","signal_flag","flare_gun","flare_rod","smoke_canister","strobe_light","hazard_triangle","road_flare","safety_cone","barrier_post","barricade_light","caution_sign","warning_banner","fire_alarm_box","pull_station","alarm_bell","exit_sign","glow_stick","emergency_ration","emergency_blanket","life_vest","lifebuoy_ring","throw_bag","tow_strap","tow_chain","jumper_cable","fuel_can","funnel_spout","reflective_tape","beacon_light","emergency_hammer","window_punch","seatbelt_cutter","dash_cam","first_aid_box","trauma_pack","oxygen_tank","regulator_knob",
"coin_roll","keychain_ring","button_cell","watch_battery","stamp_book","ticket_stub","matchbook","lighter_case","needle_threader","thimble_cap","glue_stick","eraser_tip","pencil_lead","ink_cartridge","razor_cartridge","nail_buffer","thread_spool","safety_pin","straight_pin","sewing_needle","measuring_tape","badge_holder","sunglass_case","eyeglass_cloth","microfiber_wipe","zipper_pull","drawstring_stop","cable_keeper","cord_wrap","bag_clip","binder_ring","index_card","sticky_tab","calendar_pad","push_pin_box","rubber_band_ball","cable_label","key_fob","usb_lanyard",
"rail_mount","track_plate","alignment_shim","locator_pin","indexing_plate","stop_block","corner_bracket","gusset_plate","linear_bearing","rotary_joint","cam_lever","lock_bar","set_ring","ratchet_wheel","detent_pin","cam_follower","bushing_block","rail_clamp","ball_transfer","leveling_mount","guide_rail","drag_chain","standoff_spacer","angle_clip","hinge_leaf","access_panel","knock_out","access_cover","cable_gland","thread_adapter","reducer_fitting","panel_cutout","snap_bushing","blind_plug",
"measuring_tape","caliper_gauge","digital_caliper","micrometer_screw","depth_gauge","feeler_strip","dial_indicator","bore_gauge","radius_gauge","thread_gauge","angle_finder","square_ruler","protractor_arc","contour_gauge","plumb_bob","line_level","laser_level","water_level","bubble_level","tape_reel","chalk_reel","paint_marker","marking_pencil","layout_knife","scribe_tool","datum_block","height_gauge","inspection_mirror","flashlight_pen","uv_light","laser_pointer","grid_paper",
"needle_case","thread_cutter","seam_ripper","stitch_marker","measuring_tape","pattern_weight","tracing_wheel","fabric_pen","quilting_ruler","rotary_cutter","cutting_mat","bobbin_case","bobbin_winder","presser_foot","feed_dog","thread_cone","serger_thread","tailor_chalk","darning_needle","thimble_ring","bias_tape","fabric_clip","hem_gauge","iron_rest","fusible_web","grommet_tool","rivet_setter","eyelet_punch","snap_button","snap_ring","upholstery_tack","batting_roll",
"power_cable","power_strip","plug_adapter","voltage_converter","extension_lead","power_brick","wall_charger","usb_adapter","cable_coupler","battery_pack","battery_case","battery_clip","fuse_cartridge","circuit_breaker","surge_protector","terminal_lug","bus_bar","terminal_ring","jumper_wire","binding_post","banana_plug","test_lead","wire_nut","wire_splitter","conduit_coupler","junction_cover","outlet_box","receptacle_face","power_inlet","rocker_switch","toggle_cover","grounding_screw",
"chalk_holder","bell_pull","service_bell","letter_opener","paperweight_block","magnifying_glass","cigar_cutter","match_striker","coat_toggle","boot_jack","shoehorn","hat_box","cane_tip","umbrella_cap","curtain_weight","carpet_tack","furniture_slider","door_chain","window_wedge","vent_register","sink_stop","drain_plug","chain_pull","toilet_roll","plunger_cup","bidet_nozzle","shower_ring","fan_blade","rotary_dial","clock_key","tv_remote","light_sensor","timer_switch",